ceil_p,ceil_o,threshold_acceptance,depth_p,depth_o
1.0,0.04411764705882353,1,0,0
1.0,0.0169971671388102,1,0,0
1.0,0.03861003861003861,1,0,0
1.0,0.009174311926605505,1,0,0
1.0,0.060790273556231005,1,0,0
